TransfermarktId|WinsELQ|DrawsELQ|LossesELQ|Year
12|3.0|1.0|0.0|2009
14|2.0|2.0|0.0|2009
26|5.0|1.0|0.0|2009
29|1.0|1.0|0.0|2009
36|2.0|2.0|0.0|2009
41|3.0|0.0|1.0|2009
43|1.0|0.0|1.0|2009
44|1.0|0.0|1.0|2009
62|1.0|0.0|1.0|2009
76|1.0|0.0|1.0|2009
86|2.0|0.0|0.0|2009
121|0.0|1.0|1.0|2009
122|4.0|2.0|0.0|2009
132|4.0|0.0|2.0|2009
141|4.0|2.0|0.0|2009
144|1.0|0.0|3.0|2009
157|1.0|0.0|3.0|2009
159|4.0|0.0|2.0|2009
163|1.0|0.0|3.0|2009
170|4.0|1.0|1.0|2009
173|2.0|1.0|1.0|2009
195|2.0|1.0|1.0|2009
197|2.0|0.0|0.0|2009
206|2.0|2.0|2.0|2009
208|2.0|2.0|0.0|2009
238|2.0|0.0|2.0|2009
252|1.0|1.0|0.0|2009
255|2.0|2.0|0.0|2009
271|1.0|0.0|1.0|2009
282|2.0|2.0|2.0|2009
294|1.0|0.0|1.0|2009
301|6.0|0.0|0.0|2009
306|0.0|2.0|0.0|2009
312|1.0|0.0|1.0|2009
317|1.0|1.0|0.0|2009
321|0.0|1.0|1.0|2009
329|0.0|1.0|1.0|2009
365|2.0|1.0|1.0|2009
370|0.0|0.0|2.0|2009
383|4.0|0.0|0.0|2009
398|1.0|0.0|1.0|2009
405|1.0|0.0|1.0|2009
415|1.0|0.0|1.0|2009
419|1.0|0.0|1.0|2009
447|0.0|1.0|1.0|2009
448|0.0|1.0|1.0|2009
449|1.0|0.0|1.0|2009
452|1.0|0.0|1.0|2009
540|0.0|0.0|2.0|2009
588|1.0|0.0|1.0|2009
610|2.0|0.0|0.0|2009
621|2.0|1.0|1.0|2009
649|1.0|1.0|2.0|2009
660|2.0|0.0|0.0|2009
663|2.0|0.0|2.0|2009
669|1.0|1.0|0.0|2009
697|3.0|0.0|1.0|2009
699|3.0|2.0|1.0|2009
708|0.0|0.0|2.0|2009
709|0.0|1.0|1.0|2009
713|1.0|0.0|1.0|2009
779|2.0|1.0|1.0|2009
789|2.0|0.0|2.0|2009
790|0.0|0.0|2.0|2009
801|0.0|1.0|1.0|2009
814|0.0|1.0|1.0|2009
829|2.0|1.0|1.0|2009
855|0.0|0.0|2.0|2009
920|1.0|2.0|1.0|2009
931|3.0|0.0|1.0|2009
964|0.0|1.0|1.0|2009
967|2.0|0.0|2.0|2009
982|1.0|1.0|0.0|2009
987|2.0|0.0|4.0|2009
1002|1.0|0.0|1.0|2009
1008|1.0|0.0|1.0|2009
1017|2.0|2.0|0.0|2009
1043|0.0|1.0|1.0|2009
1049|2.0|0.0|0.0|2009
1050|2.0|0.0|0.0|2009
1053|0.0|1.0|1.0|2009
1075|0.0|0.0|2.0|2009
1082|4.0|0.0|0.0|2009
1091|1.0|2.0|1.0|2009
1101|4.0|1.0|1.0|2009
1180|1.0|2.0|1.0|2009
1184|0.0|0.0|2.0|2009
1187|0.0|2.0|0.0|2009
1189|2.0|1.0|3.0|2009
1191|1.0|0.0|1.0|2009
1242|1.0|1.0|2.0|2009
1274|0.0|0.0|2.0|2009
1293|3.0|2.0|1.0|2009
1443|3.0|2.0|1.0|2009
2230|0.0|0.0|2.0|2009
2282|2.0|1.0|1.0|2009
2311|3.0|2.0|1.0|2009
2362|3.0|1.0|2.0|2009
2381|0.0|0.0|2.0|2009
2441|1.0|0.0|1.0|2009
2696|1.0|0.0|1.0|2009
2714|1.0|1.0|2.0|2009
2740|1.0|0.0|1.0|2009
2745|3.0|0.0|3.0|2009
2783|4.0|1.0|1.0|2009
2925|2.0|1.0|3.0|2009
2995|1.0|1.0|2.0|2009
3070|0.0|1.0|1.0|2009
3237|1.0|2.0|1.0|2009
3471|0.0|0.0|2.0|2009
3649|0.0|0.0|2.0|2009
3810|1.0|1.0|2.0|2009
3811|1.0|0.0|1.0|2009
3832|2.0|1.0|1.0|2009
3837|1.0|0.0|1.0|2009
3899|3.0|0.0|1.0|2009
4128|1.0|0.0|1.0|2009
4313|0.0|0.0|2.0|2009
4391|1.0|0.0|1.0|2009
4421|0.0|0.0|2.0|2009
4603|0.0|1.0|1.0|2009
4641|1.0|1.0|2.0|2009
5155|2.0|0.0|2.0|2009
5223|1.0|1.0|2.0|2009
5411|2.0|0.0|2.0|2009
5724|4.0|1.0|1.0|2009
5771|0.0|1.0|1.0|2009
5862|1.0|0.0|1.0|2009
5956|3.0|0.0|3.0|2009
6335|1.0|2.0|1.0|2009
6414|2.0|1.0|1.0|2009
6807|1.0|1.0|2.0|2009
7130|0.0|0.0|2.0|2009
7769|1.0|1.0|0.0|2009
8037|0.0|1.0|1.0|2009
8047|0.0|1.0|1.0|2009
8174|2.0|1.0|1.0|2009
8554|0.0|1.0|1.0|2009
8563|1.0|0.0|1.0|2009
8671|1.0|1.0|2.0|2009
8780|0.0|1.0|1.0|2009
8956|0.0|0.0|2.0|2009
9095|6.0|0.0|2.0|2009
10157|0.0|0.0|2.0|2009
10262|0.0|1.0|1.0|2009
10481|0.0|1.0|1.0|2009
10532|0.0|0.0|2.0|2009
10540|1.0|0.0|1.0|2009
10607|0.0|0.0|2.0|2009
10625|3.0|2.0|1.0|2009
10639|0.0|1.0|1.0|2009
10640|1.0|1.0|2.0|2009
10693|0.0|0.0|2.0|2009
10719|2.0|1.0|1.0|2009
10734|0.0|0.0|2.0|2009
10791|0.0|1.0|1.0|2009
10854|0.0|0.0|2.0|2009
11006|0.0|0.0|2.0|2009
11066|0.0|2.0|2.0|2009
11411|1.0|0.0|1.0|2009
11540|0.0|0.0|2.0|2009
11907|0.0|0.0|2.0|2009
11914|1.0|0.0|1.0|2009
11915|1.0|0.0|1.0|2009
12004|0.0|0.0|2.0|2009
12460|1.0|0.0|1.0|2009
12657|0.0|0.0|2.0|2009
12889|1.0|0.0|3.0|2009
13328|0.0|0.0|2.0|2009
19662|1.0|0.0|1.0|2009
21532|0.0|1.0|1.0|2009
21717|0.0|0.0|2.0|2009
22783|0.0|1.0|1.0|2009
23911|0.0|0.0|2.0|2009
14|3.0|2.0|1.0|2010
15|2.0|0.0|0.0|2010
16|2.0|0.0|0.0|2010
31|4.0|0.0|0.0|2010
36|0.0|1.0|1.0|2010
53|1.0|2.0|1.0|2010
79|2.0|2.0|0.0|2010
84|2.0|0.0|0.0|2010
114|5.0|1.0|0.0|2010
119|3.0|0.0|3.0|2010
122|1.0|1.0|2.0|2010
141|1.0|3.0|0.0|2010
156|4.0|2.0|0.0|2010
157|1.0|0.0|1.0|2010
159|0.0|1.0|1.0|2010
163|0.0|1.0|1.0|2010
170|4.0|2.0|0.0|2010
173|3.0|1.0|0.0|2010
200|4.0|1.0|1.0|2010
206|4.0|1.0|1.0|2010
208|3.0|1.0|0.0|2010
223|2.0|1.0|1.0|2010
234|1.0|0.0|1.0|2010
238|1.0|1.0|0.0|2010
271|0.0|0.0|2.0|2010
272|0.0|1.0|1.0|2010
281|2.0|0.0|0.0|2010
301|1.0|0.0|1.0|2010
312|3.0|0.0|1.0|2010
314|0.0|1.0|1.0|2010
318|2.0|2.0|2.0|2010
329|0.0|1.0|1.0|2010
336|3.0|0.0|1.0|2010
339|1.0|1.0|2.0|2010
371|1.0|0.0|1.0|2010
377|1.0|1.0|2.0|2010
383|1.0|0.0|1.0|2010
405|0.0|1.0|1.0|2010
419|2.0|0.0|0.0|2010
422|2.0|0.0|2.0|2010
429|1.0|0.0|1.0|2010
434|0.0|0.0|2.0|2010
447|2.0|1.0|1.0|2010
449|0.0|0.0|2.0|2010
458|1.0|0.0|1.0|2010
504|1.0|0.0|1.0|2010
506|4.0|0.0|0.0|2010
520|2.0|0.0|2.0|2010
527|2.0|4.0|0.0|2010
540|1.0|2.0|1.0|2010
583|1.0|0.0|1.0|2010
605|2.0|2.0|0.0|2010
663|3.0|2.0|1.0|2010
683|3.0|0.0|1.0|2010
687|1.0|1.0|2.0|2010
713|2.0|0.0|0.0|2010
720|2.0|0.0|0.0|2010
739|0.0|0.0|2.0|2010
748|3.0|0.0|1.0|2010
751|0.0|1.0|1.0|2010
790|4.0|1.0|1.0|2010
801|1.0|0.0|1.0|2010
829|0.0|1.0|1.0|2010
853|1.0|0.0|1.0|2010
903|0.0|0.0|2.0|2010
932|0.0|2.0|0.0|2010
941|0.0|1.0|1.0|2010
969|1.0|0.0|1.0|2010
987|3.0|1.0|2.0|2010
1002|0.0|1.0|1.0|2010
1004|0.0|2.0|0.0|2010
1008|0.0|0.0|2.0|2010
1043|0.0|1.0|1.0|2010
1050|2.0|0.0|0.0|2010
1064|1.0|0.0|1.0|2010
1082|1.0|1.0|0.0|2010
1090|2.0|0.0|2.0|2010
1091|1.0|1.0|0.0|2010
1101|4.0|0.0|2.0|2010
1180|3.0|0.0|3.0|2010
1184|2.0|0.0|2.0|2010
1242|2.0|1.0|1.0|2010
1251|1.0|1.0|2.0|2010
1274|0.0|2.0|0.0|2010
1301|4.0|0.0|2.0|2010
1322|0.0|0.0|2.0|2010
1391|0.0|1.0|1.0|2010
1519|0.0|1.0|1.0|2010
1562|0.0|1.0|1.0|2010
2049|1.0|2.0|1.0|2010
2227|0.0|0.0|2.0|2010
2230|0.0|1.0|1.0|2010
2275|3.0|0.0|1.0|2010
2282|2.0|0.0|0.0|2010
2300|0.0|1.0|1.0|2010
2410|2.0|0.0|0.0|2010
2441|1.0|1.0|0.0|2010
2477|4.0|2.0|0.0|2010
2576|0.0|0.0|2.0|2010
2688|4.0|1.0|1.0|2010
2778|0.0|0.0|2.0|2010
2782|0.0|1.0|1.0|2010
2784|4.0|1.0|1.0|2010
3237|1.0|1.0|2.0|2010
3258|1.0|1.0|2.0|2010
3649|1.0|1.0|2.0|2010
3654|3.0|2.0|1.0|2010
3709|1.0|1.0|0.0|2010
3737|0.0|0.0|2.0|2010
3899|4.0|0.0|4.0|2010
3900|0.0|1.0|1.0|2010
4391|1.0|0.0|3.0|2010
4394|3.0|3.0|2.0|2010
4414|2.0|0.0|2.0|2010
4641|3.0|1.0|2.0|2010
4772|0.0|0.0|2.0|2010
4786|1.0|0.0|1.0|2010
5411|0.0|1.0|1.0|2010
5594|1.0|2.0|1.0|2010
5619|0.0|1.0|1.0|2010
5724|2.0|2.0|2.0|2010
5862|0.0|1.0|1.0|2010
5970|0.0|0.0|2.0|2010
6055|4.0|1.0|3.0|2010
6066|1.0|1.0|2.0|2010
6195|2.0|0.0|0.0|2010
6335|0.0|2.0|0.0|2010
6414|1.0|1.0|0.0|2010
6764|0.0|1.0|1.0|2010
6808|4.0|1.0|1.0|2010
7074|1.0|1.0|2.0|2010
7130|0.0|0.0|2.0|2010
7964|2.0|1.0|1.0|2010
8042|0.0|0.0|2.0|2010
8047|0.0|0.0|2.0|2010
8174|0.0|1.0|1.0|2010
8841|0.0|2.0|0.0|2010
9026|0.0|1.0|1.0|2010
9095|1.0|2.0|1.0|2010
9721|0.0|0.0|2.0|2010
10157|1.0|0.0|1.0|2010
10442|0.0|1.0|1.0|2010
10480|0.0|0.0|2.0|2010
10481|0.0|0.0|2.0|2010
10625|4.0|2.0|2.0|2010
10639|0.0|1.0|1.0|2010
10688|2.0|0.0|2.0|2010
10693|1.0|0.0|1.0|2010
10719|2.0|1.0|3.0|2010
10734|0.0|1.0|1.0|2010
10747|0.0|0.0|2.0|2010
10752|0.0|0.0|2.0|2010
11107|0.0|1.0|1.0|2010
11411|0.0|0.0|2.0|2010
11540|0.0|0.0|2.0|2010
11907|0.0|3.0|1.0|2010
11910|0.0|0.0|2.0|2010
11914|0.0|1.0|1.0|2010
11915|0.0|1.0|1.0|2010
14344|0.0|1.0|1.0|2010
15276|2.0|1.0|1.0|2010
16198|0.0|0.0|2.0|2010
18232|0.0|0.0|2.0|2010
18506|0.0|1.0|1.0|2010
21508|0.0|2.0|2.0|2010
21717|0.0|0.0|2.0|2010
21775|1.0|1.0|2.0|2010
22140|0.0|1.0|1.0|2010
22832|0.0|0.0|2.0|2010
23562|1.0|1.0|2.0|2010
24347|0.0|1.0|1.0|2010
24832|0.0|0.0|2.0|2010
27118|1.0|0.0|1.0|2010
28633|0.0|0.0|2.0|2010
28958|0.0|0.0|2.0|2010
13|2.0|0.0|0.0|2011
14|3.0|1.0|0.0|2011
20|2.0|0.0|0.0|2011
39|0.0|2.0|0.0|2011
43|1.0|1.0|0.0|2011
76|2.0|0.0|2.0|2011
119|3.0|1.0|0.0|2011
156|1.0|0.0|1.0|2011
159|2.0|0.0|0.0|2011
163|2.0|0.0|2.0|2011
197|2.0|0.0|0.0|2011
206|1.0|0.0|1.0|2011
255|1.0|1.0|0.0|2011
266|1.0|0.0|1.0|2011
273|2.0|0.0|0.0|2011
279|3.0|0.0|1.0|2011
282|1.0|1.0|2.0|2011
312|1.0|1.0|0.0|2011
365|3.0|1.0|2.0|2011
409|3.0|1.0|0.0|2011
420|2.0|1.0|1.0|2011
433|0.0|1.0|1.0|2011
447|0.0|0.0|2.0|2011
448|1.0|0.0|1.0|2011
452|2.0|0.0|0.0|2011
458|0.0|2.0|0.0|2011
512|2.0|0.0|0.0|2011
524|1.0|2.0|1.0|2011
599|3.0|2.0|1.0|2011
663|5.0|0.0|1.0|2011
699|1.0|0.0|1.0|2011
730|1.0|3.0|0.0|2011
759|1.0|2.0|1.0|2011
829|1.0|0.0|1.0|2011
865|2.0|1.0|1.0|2011
902|2.0|1.0|1.0|2011
931|4.0|2.0|0.0|2011
938|1.0|3.0|0.0|2011
968|1.0|1.0|2.0|2011
982|2.0|1.0|1.0|2011
1004|1.0|0.0|1.0|2011
1017|1.0|0.0|1.0|2011
1056|0.0|1.0|1.0|2011
1090|1.0|1.0|0.0|2011
1091|2.0|0.0|0.0|2011
1101|2.0|3.0|1.0|2011
1109|4.0|1.0|1.0|2011
1185|0.0|1.0|1.0|2011
1189|2.0|0.0|4.0|2011
1242|0.0|1.0|1.0|2011
1251|0.0|1.0|1.0|2011
1268|3.0|0.0|1.0|2011
1293|2.0|1.0|1.0|2011
1322|2.0|1.0|1.0|2011
1443|1.0|0.0|1.0|2011
1519|1.0|0.0|1.0|2011
2049|0.0|1.0|1.0|2011
2156|3.0|1.0|0.0|2011
2275|0.0|1.0|1.0|2011
2282|1.0|0.0|1.0|2011
2300|1.0|0.0|1.0|2011
2420|1.0|1.0|0.0|2011
2477|2.0|0.0|0.0|2011
2481|0.0|1.0|1.0|2011
2573|1.0|1.0|2.0|2011
2703|0.0|2.0|0.0|2011
2740|3.0|1.0|0.0|2011
2782|2.0|0.0|2.0|2011
2817|0.0|0.0|2.0|2011
3237|3.0|0.0|3.0|2011
3811|0.0|1.0|1.0|2011
3899|2.0|0.0|2.0|2011
4391|1.0|0.0|1.0|2011
4602|3.0|1.0|0.0|2011
4641|5.0|0.0|1.0|2011
4772|2.0|3.0|1.0|2011
5155|2.0|2.0|2.0|2011
5411|1.0|1.0|2.0|2011
5546|0.0|1.0|1.0|2011
5619|4.0|1.0|1.0|2011
5771|0.0|1.0|1.0|2011
5972|0.0|0.0|2.0|2011
6163|0.0|0.0|2.0|2011
6248|0.0|0.0|2.0|2011
6251|1.0|0.0|1.0|2011
7130|0.0|0.0|2.0|2011
8036|1.0|0.0|1.0|2011
8047|0.0|1.0|1.0|2011
8104|1.0|2.0|1.0|2011
8671|1.0|2.0|1.0|2011
8780|0.0|1.0|1.0|2011
8841|0.0|1.0|1.0|2011
9026|1.0|0.0|3.0|2011
9095|3.0|0.0|1.0|2011
9211|0.0|1.0|1.0|2011
9828|0.0|0.0|2.0|2011
10157|0.0|4.0|0.0|2011
10262|0.0|1.0|1.0|2011
10480|2.0|1.0|1.0|2011
10540|1.0|1.0|2.0|2011
10603|0.0|0.0|2.0|2011
10607|0.0|0.0|2.0|2011
10625|3.0|2.0|1.0|2011
10639|0.0|0.0|2.0|2011
10694|0.0|0.0|2.0|2011
10695|0.0|0.0|2.0|2011
10734|1.0|1.0|2.0|2011
10747|0.0|0.0|2.0|2011
10752|0.0|2.0|0.0|2011
10791|1.0|0.0|1.0|2011
11411|0.0|1.0|1.0|2011
11540|0.0|1.0|1.0|2011
11910|0.0|0.0|2.0|2011
11914|1.0|1.0|2.0|2011
11915|1.0|0.0|1.0|2011
11976|0.0|1.0|1.0|2011
12004|0.0|1.0|1.0|2011
12163|3.0|2.0|1.0|2011
12423|0.0|2.0|0.0|2011
12460|1.0|0.0|3.0|2011
13326|0.0|1.0|1.0|2011
13418|0.0|0.0|2.0|2011
14344|0.0|0.0|2.0|2011
18506|0.0|1.0|1.0|2011
21532|0.0|0.0|2.0|2011
21717|0.0|1.0|1.0|2011
22783|0.0|1.0|1.0|2011
22842|1.0|0.0|1.0|2011
23559|0.0|0.0|2.0|2011
23562|0.0|0.0|2.0|2011
23664|1.0|2.0|1.0|2011
24530|0.0|0.0|2.0|2011
28633|0.0|0.0|2.0|2011
28958|0.0|0.0|2.0|2011
30686|0.0|0.0|2.0|2011
20|1.0|0.0|1.0|2012
31|2.0|0.0|0.0|2012
42|2.0|0.0|0.0|2012
46|1.0|0.0|1.0|2012
61|2.0|2.0|0.0|2012
121|1.0|1.0|0.0|2012
156|1.0|0.0|1.0|2012
157|2.0|0.0|2.0|2012
159|1.0|3.0|0.0|2012
170|1.0|0.0|1.0|2012
195|3.0|3.0|0.0|2012
197|1.0|1.0|0.0|2012
208|0.0|2.0|0.0|2012
238|3.0|2.0|1.0|2012
244|1.0|1.0|0.0|2012
253|0.0|1.0|1.0|2012
255|2.0|1.0|1.0|2012
266|1.0|2.0|1.0|2012
272|2.0|1.0|1.0|2012
282|3.0|1.0|2.0|2012
301|1.0|0.0|1.0|2012
306|1.0|0.0|1.0|2012
317|5.0|1.0|0.0|2012
318|2.0|0.0|2.0|2012
327|2.0|0.0|2.0|2012
365|2.0|1.0|1.0|2012
447|2.0|0.0|2.0|2012
448|2.0|1.0|1.0|2012
452|2.0|0.0|2.0|2012
455|3.0|0.0|1.0|2012
499|1.0|1.0|2.0|2012
503|1.0|2.0|1.0|2012
540|0.0|2.0|0.0|2012
602|0.0|1.0|1.0|2012
621|1.0|0.0|1.0|2012
634|0.0|1.0|1.0|2012
678|0.0|0.0|2.0|2012
709|2.0|0.0|2.0|2012
710|0.0|0.0|2.0|2012
825|1.0|2.0|1.0|2012
829|0.0|2.0|0.0|2012
941|4.0|0.0|0.0|2012
1004|3.0|0.0|3.0|2012
1043|1.0|0.0|1.0|2012
1091|2.0|0.0|0.0|2012
1101|3.0|1.0|2.0|2012
1167|0.0|1.0|1.0|2012
1184|2.0|0.0|0.0|2012
1185|2.0|1.0|1.0|2012
1189|2.0|1.0|3.0|2012
1242|0.0|1.0|1.0|2012
1251|1.0|0.0|1.0|2012
1257|0.0|0.0|2.0|2012
1274|1.0|0.0|1.0|2012
1293|2.0|2.0|0.0|2012
1301|0.0|2.0|0.0|2012
1519|0.0|1.0|1.0|2012
2049|1.0|2.0|1.0|2012
2230|0.0|1.0|1.0|2012
2259|0.0|1.0|1.0|2012
2362|3.0|0.0|1.0|2012
2414|1.0|1.0|0.0|2012
2578|0.0|1.0|1.0|2012
2688|1.0|1.0|2.0|2012
2700|4.0|0.0|0.0|2012
2714|2.0|1.0|1.0|2012
2783|2.0|1.0|1.0|2012
2784|4.0|0.0|0.0|2012
3649|0.0|1.0|1.0|2012
3654|4.0|0.0|2.0|2012
3739|0.0|0.0|2.0|2012
3779|2.0|0.0|2.0|2012
3811|2.0|1.0|1.0|2012
3899|3.0|0.0|1.0|2012
3900|0.0|2.0|0.0|2012
4059|2.0|3.0|1.0|2012
4772|2.0|1.0|1.0|2012
4807|1.0|1.0|2.0|2012
5155|2.0|0.0|2.0|2012
5223|1.0|0.0|1.0|2012
5546|2.0|0.0|2.0|2012
5594|1.0|1.0|2.0|2012
5619|1.0|1.0|2.0|2012
5771|1.0|0.0|3.0|2012
5970|1.0|0.0|1.0|2012
5972|0.0|1.0|1.0|2012
6163|1.0|1.0|2.0|2012
6251|3.0|1.0|2.0|2012
6676|0.0|4.0|0.0|2012
7130|0.0|0.0|2.0|2012
8036|1.0|0.0|1.0|2012
8042|0.0|1.0|1.0|2012
8047|1.0|1.0|2.0|2012
8563|0.0|1.0|1.0|2012
8780|0.0|1.0|1.0|2012
8841|1.0|2.0|1.0|2012
8956|2.0|2.0|0.0|2012
9007|1.0|0.0|1.0|2012
9095|2.0|0.0|2.0|2012
9211|0.0|1.0|1.0|2012
9828|1.0|0.0|1.0|2012
9849|0.0|0.0|2.0|2012
10157|2.0|1.0|3.0|2012
10262|0.0|2.0|0.0|2012
10301|1.0|0.0|1.0|2012
10603|0.0|0.0|2.0|2012
10604|0.0|1.0|1.0|2012
10616|0.0|0.0|2.0|2012
10693|0.0|1.0|1.0|2012
10694|3.0|0.0|3.0|2012
10695|0.0|2.0|0.0|2012
10752|1.0|0.0|1.0|2012
10791|3.0|0.0|1.0|2012
10854|0.0|0.0|2.0|2012
11107|2.0|2.0|0.0|2012
11540|0.0|0.0|2.0|2012
11907|3.0|0.0|1.0|2012
11914|2.0|0.0|2.0|2012
11915|0.0|1.0|1.0|2012
12132|0.0|1.0|1.0|2012
12460|0.0|0.0|2.0|2012
15299|0.0|1.0|1.0|2012
16779|1.0|2.0|1.0|2012
18506|0.0|2.0|2.0|2012
21532|0.0|0.0|2.0|2012
21864|1.0|1.0|2.0|2012
22502|0.0|1.0|1.0|2012
22783|0.0|1.0|1.0|2012
23911|1.0|0.0|3.0|2012
24349|0.0|0.0|2.0|2012
24832|0.0|0.0|2.0|2012
28633|0.0|0.0|2.0|2012
30037|0.0|2.0|2.0|2012
30686|1.0|0.0|1.0|2012
32017|3.0|0.0|1.0|2012
20|0.0|1.0|1.0|2013
79|0.0|2.0|0.0|2013
84|0.0|1.0|1.0|2013
122|0.0|1.0|1.0|2013
128|1.0|0.0|3.0|2013
144|3.0|1.0|0.0|2013
156|0.0|1.0|1.0|2013
159|1.0|2.0|1.0|2013
163|0.0|2.0|0.0|2013
170|1.0|1.0|0.0|2013
195|2.0|1.0|1.0|2013
197|0.0|1.0|1.0|2013
200|0.0|1.0|1.0|2013
238|3.0|0.0|1.0|2013
253|0.0|1.0|1.0|2013
260|0.0|0.0|2.0|2013
282|2.0|1.0|1.0|2013
329|0.0|1.0|1.0|2013
368|2.0|0.0|0.0|2013
410|2.0|0.0|0.0|2013
447|1.0|1.0|2.0|2013
448|5.0|1.0|0.0|2013
449|3.0|1.0|0.0|2013
496|3.0|2.0|1.0|2013
499|0.0|1.0|1.0|2013
602|3.0|2.0|1.0|2013
618|2.0|0.0|0.0|2013
697|3.0|0.0|1.0|2013
709|2.0|0.0|2.0|2013
710|1.0|0.0|1.0|2013
759|2.0|2.0|0.0|2013
801|0.0|1.0|1.0|2013
829|0.0|1.0|1.0|2013
853|0.0|1.0|1.0|2013
903|0.0|0.0|2.0|2013
920|0.0|0.0|2.0|2013
938|4.0|0.0|0.0|2013
987|0.0|0.0|2.0|2013
1002|0.0|2.0|0.0|2013
1017|1.0|2.0|1.0|2013
1043|2.0|0.0|2.0|2013
1053|0.0|1.0|1.0|2013
1064|3.0|1.0|0.0|2013
1109|1.0|1.0|2.0|2013
1180|3.0|1.0|2.0|2013
1189|0.0|1.0|1.0|2013
1242|1.0|0.0|3.0|2013
1257|1.0|0.0|3.0|2013
1293|3.0|0.0|3.0|2013
1322|2.0|0.0|0.0|2013
1443|2.0|2.0|2.0|2013
1465|1.0|1.0|0.0|2013
2275|1.0|0.0|1.0|2013
2282|0.0|1.0|1.0|2013
2288|1.0|1.0|0.0|2013
2439|2.0|0.0|0.0|2013
2531|3.0|3.0|0.0|2013
2578|2.0|1.0|1.0|2013
2698|4.0|0.0|0.0|2013
2782|2.0|3.0|1.0|2013
2783|1.0|0.0|1.0|2013
2785|0.0|1.0|1.0|2013
2817|1.0|1.0|2.0|2013
3057|4.0|0.0|0.0|2013
3237|1.0|1.0|2.0|2013
3471|3.0|0.0|1.0|2013
3737|3.0|2.0|1.0|2013
3739|1.0|0.0|1.0|2013
3811|1.0|0.0|1.0|2013
3899|1.0|0.0|1.0|2013
4277|0.0|1.0|1.0|2013
4313|0.0|1.0|1.0|2013
4414|3.0|0.0|3.0|2013
4772|1.0|0.0|1.0|2013
5411|0.0|0.0|2.0|2013
5724|0.0|0.0|2.0|2013
5771|1.0|1.0|2.0|2013
5972|1.0|2.0|1.0|2013
6017|0.0|1.0|1.0|2013
6112|0.0|1.0|1.0|2013
6163|0.0|1.0|1.0|2013
6248|0.0|0.0|2.0|2013
6335|2.0|1.0|1.0|2013
6676|0.0|1.0|1.0|2013
6764|0.0|1.0|1.0|2013
6808|2.0|1.0|1.0|2013
6992|2.0|1.0|1.0|2013
7130|0.0|0.0|2.0|2013
7918|1.0|2.0|1.0|2013
8036|1.0|2.0|1.0|2013
8042|0.0|1.0|1.0|2013
8047|0.0|2.0|0.0|2013
8715|2.0|2.0|0.0|2013
8841|1.0|1.0|2.0|2013
8956|2.0|1.0|1.0|2013
8995|1.0|0.0|1.0|2013
9026|0.0|1.0|1.0|2013
9465|3.0|1.0|0.0|2013
10157|4.0|0.0|2.0|2013
10301|1.0|2.0|1.0|2013
10540|2.0|1.0|1.0|2013
10604|0.0|0.0|2.0|2013
10616|0.0|0.0|2.0|2013
10625|5.0|1.0|0.0|2013
10639|0.0|1.0|1.0|2013
10695|0.0|2.0|0.0|2013
10854|0.0|1.0|1.0|2013
10883|2.0|1.0|3.0|2013
11107|1.0|0.0|1.0|2013
11194|1.0|0.0|1.0|2013
11435|0.0|2.0|2.0|2013
11907|2.0|0.0|2.0|2013
11914|4.0|1.0|1.0|2013
12132|0.0|0.0|2.0|2013
13278|1.0|0.0|1.0|2013
13418|0.0|0.0|2.0|2013
13499|4.0|2.0|0.0|2013
18506|0.0|0.0|2.0|2013
19627|0.0|3.0|1.0|2013
21532|0.0|0.0|2.0|2013
21775|0.0|1.0|1.0|2013
22140|0.0|0.0|2.0|2013
22220|0.0|0.0|2.0|2013
23088|0.0|2.0|0.0|2013
23560|0.0|0.0|2.0|2013
23664|2.0|1.0|1.0|2013
23911|0.0|0.0|2.0|2013
24349|0.0|0.0|2.0|2013
24832|1.0|1.0|2.0|2013
27116|2.0|3.0|1.0|2013
27843|1.0|0.0|1.0|2013
28633|0.0|0.0|2.0|2013
29160|1.0|0.0|3.0|2013
30037|0.0|0.0|2.0|2013
30686|1.0|3.0|2.0|2013
32017|3.0|1.0|0.0|2013
20|0.0|2.0|0.0|2014
39|1.0|0.0|1.0|2014
121|1.0|1.0|0.0|2014
144|4.0|0.0|0.0|2014
163|2.0|1.0|1.0|2014
195|3.0|2.0|1.0|2014
202|0.0|1.0|1.0|2014
206|0.0|0.0|2.0|2014
208|0.0|2.0|0.0|2014
238|1.0|1.0|2.0|2014
271|2.0|1.0|1.0|2014
272|1.0|1.0|2.0|2014
279|1.0|1.0|2.0|2014
282|2.0|0.0|2.0|2014
318|1.0|3.0|0.0|2014
329|0.0|1.0|1.0|2014
365|4.0|2.0|0.0|2014
370|3.0|1.0|2.0|2014
383|2.0|0.0|0.0|2014
416|2.0|0.0|0.0|2014
420|3.0|3.0|0.0|2014
433|3.0|0.0|1.0|2014
434|0.0|2.0|0.0|2014
447|2.0|0.0|2.0|2014
448|1.0|0.0|1.0|2014
452|2.0|0.0|0.0|2014
681|2.0|0.0|0.0|2014
687|1.0|2.0|1.0|2014
697|2.0|0.0|2.0|2014
779|0.0|0.0|2.0|2014
789|0.0|2.0|0.0|2014
801|2.0|2.0|2.0|2014
829|3.0|1.0|0.0|2014
920|2.0|0.0|2.0|2014
941|0.0|1.0|1.0|2014
987|0.0|1.0|1.0|2014
1017|1.0|0.0|1.0|2014
1041|2.0|0.0|0.0|2014
1092|2.0|1.0|3.0|2014
1101|2.0|0.0|2.0|2014
1102|1.0|0.0|1.0|2014
1167|1.0|0.0|1.0|2014
1180|3.0|1.0|0.0|2014
1185|4.0|1.0|1.0|2014
1242|2.0|0.0|2.0|2014
1257|0.0|0.0|2.0|2014
1293|2.0|1.0|1.0|2014
1506|0.0|2.0|0.0|2014
2282|2.0|0.0|0.0|2014
2425|1.0|1.0|0.0|2014
2531|3.0|0.0|1.0|2014
2573|1.0|3.0|0.0|2014
2578|0.0|3.0|1.0|2014
2662|1.0|0.0|3.0|2014
2688|1.0|2.0|1.0|2014
2714|2.0|2.0|2.0|2014
2761|2.0|1.0|1.0|2014
2976|0.0|1.0|1.0|2014
3008|1.0|1.0|0.0|2014
3060|1.0|0.0|1.0|2014
3426|1.0|3.0|0.0|2014
3463|0.0|0.0|2.0|2014
3471|2.0|1.0|1.0|2014
3508|2.0|1.0|1.0|2014
3649|0.0|0.0|2.0|2014
3776|0.0|1.0|1.0|2014
3832|0.0|1.0|1.0|2014
3850|0.0|0.0|2.0|2014
4391|2.0|1.0|1.0|2014
4807|0.0|0.0|2.0|2014
5228|1.0|1.0|2.0|2014
5411|1.0|0.0|1.0|2014
5546|2.0|0.0|2.0|2014
5862|0.0|1.0|1.0|2014
6028|0.0|1.0|1.0|2014
6055|1.0|0.0|1.0|2014
6066|3.0|0.0|1.0|2014
6181|0.0|0.0|2.0|2014
6621|2.0|1.0|1.0|2014
6676|2.0|1.0|1.0|2014
6992|0.0|1.0|1.0|2014
7153|0.0|0.0|2.0|2014
7769|1.0|1.0|2.0|2014
7918|1.0|1.0|2.0|2014
8031|2.0|1.0|1.0|2014
8780|2.0|1.0|1.0|2014
8956|3.0|0.0|1.0|2014
9241|3.0|0.0|3.0|2014
9465|3.0|1.0|0.0|2014
9828|0.0|1.0|1.0|2014
10131|2.0|0.0|2.0|2014
10262|0.0|0.0|2.0|2014
10301|0.0|0.0|2.0|2014
10480|4.0|1.0|1.0|2014
10482|1.0|2.0|1.0|2014
10531|1.0|0.0|1.0|2014
10532|0.0|1.0|1.0|2014
10604|0.0|0.0|2.0|2014
10616|0.0|0.0|2.0|2014
10639|0.0|1.0|1.0|2014
10690|3.0|1.0|0.0|2014
10695|3.0|1.0|0.0|2014
10719|0.0|1.0|1.0|2014
11435|2.0|3.0|1.0|2014
11479|0.0|0.0|2.0|2014
11910|0.0|1.0|1.0|2014
11914|1.0|0.0|1.0|2014
11976|0.0|1.0|1.0|2014
12132|0.0|1.0|1.0|2014
12460|1.0|0.0|3.0|2014
12859|0.0|1.0|1.0|2014
13278|0.0|0.0|2.0|2014
13418|0.0|1.0|1.0|2014
13499|2.0|0.0|0.0|2014
14178|0.0|1.0|1.0|2014
16704|4.0|0.0|0.0|2014
18506|2.0|2.0|2.0|2014
19627|0.0|0.0|2.0|2014
21532|2.0|1.0|1.0|2014
21541|0.0|0.0|2.0|2014
21875|4.0|2.0|0.0|2014
22010|0.0|0.0|2.0|2014
22140|0.0|2.0|2.0|2014
22220|4.0|1.0|1.0|2014
22783|2.0|1.0|1.0|2014
22832|1.0|0.0|3.0|2014
23088|0.0|1.0|1.0|2014
23559|0.0|1.0|1.0|2014
24326|0.0|0.0|2.0|2014
24832|2.0|2.0|2.0|2014
27116|0.0|1.0|1.0|2014
27118|0.0|0.0|2.0|2014
28633|0.0|0.0|2.0|2014
30037|0.0|0.0|2.0|2014
34711|0.0|0.0|2.0|2014
36136|0.0|1.0|1.0|2014
42246|0.0|0.0|2.0|2014
16|4.0|0.0|0.0|2015
36|2.0|0.0|0.0|2015
40|3.0|0.0|1.0|2015
84|2.0|1.0|3.0|2015
122|0.0|1.0|1.0|2015
144|0.0|1.0|1.0|2015
159|0.0|0.0|2.0|2015
163|4.0|2.0|0.0|2015
172|2.0|0.0|2.0|2015
180|2.0|1.0|1.0|2015
190|3.0|0.0|1.0|2015
195|6.0|1.0|1.0|2015
197|1.0|1.0|0.0|2015
206|3.0|4.0|1.0|2015
238|2.0|0.0|0.0|2015
255|6.0|0.0|0.0|2015
260|0.0|1.0|1.0|2015
265|0.0|2.0|0.0|2015
271|0.0|2.0|0.0|2015
272|3.0|1.0|2.0|2015
279|1.0|1.0|2.0|2015
301|1.0|0.0|1.0|2015
365|2.0|3.0|1.0|2015
370|1.0|4.0|1.0|2015
379|3.0|1.0|2.0|2015
409|1.0|0.0|1.0|2015
429|3.0|2.0|1.0|2015
433|2.0|1.0|1.0|2015
447|4.0|1.0|3.0|2015
448|3.0|2.0|3.0|2015
449|2.0|1.0|1.0|2015
452|0.0|0.0|2.0|2015
499|0.0|0.0|2.0|2015
540|4.0|1.0|1.0|2015
610|1.0|1.0|0.0|2015
618|2.0|1.0|1.0|2015
621|2.0|1.0|1.0|2015
634|0.0|1.0|1.0|2015
663|1.0|0.0|1.0|2015
687|1.0|0.0|1.0|2015
697|4.0|0.0|0.0|2015
710|0.0|0.0|2.0|2015
759|2.0|1.0|1.0|2015
801|1.0|2.0|1.0|2015
829|2.0|3.0|1.0|2015
853|1.0|0.0|1.0|2015
865|1.0|1.0|0.0|2015
938|1.0|4.0|1.0|2015
941|2.0|0.0|0.0|2015
967|0.0|1.0|1.0|2015
1002|1.0|0.0|1.0|2015
1008|0.0|1.0|1.0|2015
1038|1.0|0.0|1.0|2015
1043|2.0|1.0|1.0|2015
1058|4.0|1.0|3.0|2015
1090|3.0|0.0|1.0|2015
1091|3.0|2.0|1.0|2015
1101|3.0|2.0|1.0|2015
1102|0.0|1.0|1.0|2015
1167|0.0|2.0|0.0|2015
1180|3.0|2.0|1.0|2015
1185|2.0|1.0|1.0|2015
1189|0.0|0.0|2.0|2015
1322|1.0|1.0|2.0|2015
1435|0.0|1.0|1.0|2015
1443|6.0|0.0|2.0|2015
2156|0.0|0.0|2.0|2015
2300|2.0|1.0|1.0|2015
2420|0.0|0.0|2.0|2015
2451|0.0|1.0|1.0|2015
2457|2.0|2.0|0.0|2015
2481|0.0|1.0|1.0|2015
2573|4.0|0.0|2.0|2015
2578|1.0|0.0|1.0|2015
2698|2.0|2.0|0.0|2015
2740|1.0|0.0|1.0|2015
2817|3.0|0.0|3.0|2015
2925|0.0|1.0|1.0|2015
2976|0.0|1.0|1.0|2015
3057|3.0|0.0|1.0|2015
3060|2.0|0.0|2.0|2015
3070|1.0|0.0|1.0|2015
3237|1.0|1.0|2.0|2015
3258|1.0|1.0|2.0|2015
3463|0.0|0.0|2.0|2015
3471|1.0|0.0|3.0|2015
3551|2.0|1.0|1.0|2015
3793|1.0|1.0|2.0|2015
4040|0.0|0.0|2.0|2015
4313|0.0|0.0|2.0|2015
4391|0.0|1.0|1.0|2015
4441|2.0|0.0|2.0|2015
4641|3.0|2.0|3.0|2015
4807|1.0|0.0|3.0|2015
5228|0.0|0.0|2.0|2015
5546|1.0|0.0|1.0|2015
5724|2.0|1.0|1.0|2015
5849|0.0|1.0|1.0|2015
6028|0.0|0.0|2.0|2015
6069|1.0|0.0|3.0|2015
6248|0.0|1.0|1.0|2015
6335|0.0|0.0|2.0|2015
6621|2.0|1.0|1.0|2015
6764|2.0|1.0|1.0|2015
6808|1.0|0.0|1.0|2015
6890|0.0|0.0|2.0|2015
7964|0.0|1.0|1.0|2015
8031|0.0|2.0|0.0|2015
8818|1.0|1.0|2.0|2015
8956|1.0|4.0|1.0|2015
9026|0.0|0.0|2.0|2015
10157|0.0|1.0|1.0|2015
10262|2.0|1.0|1.0|2015
10482|5.0|1.0|2.0|2015
10607|0.0|0.0|2.0|2015
10625|2.0|0.0|0.0|2015
10690|2.0|0.0|2.0|2015
10695|2.0|0.0|2.0|2015
10791|0.0|0.0|2.0|2015
10883|1.0|2.0|1.0|2015
11107|0.0|0.0|2.0|2015
11194|2.0|1.0|1.0|2015
11215|0.0|2.0|0.0|2015
11344|1.0|0.0|1.0|2015
11540|1.0|0.0|1.0|2015
11907|2.0|0.0|2.0|2015
11910|0.0|0.0|2.0|2015
11914|1.0|0.0|3.0|2015
12346|0.0|1.0|1.0|2015
13499|3.0|2.0|1.0|2015
14344|0.0|1.0|1.0|2015
16650|1.0|0.0|1.0|2015
16704|2.0|2.0|0.0|2015
16779|0.0|1.0|1.0|2015
19090|0.0|1.0|1.0|2015
22010|3.0|3.0|2.0|2015
22140|0.0|2.0|0.0|2015
22783|1.0|1.0|2.0|2015
22832|0.0|1.0|1.0|2015
23088|0.0|1.0|1.0|2015
23560|0.0|0.0|2.0|2015
23777|0.0|0.0|2.0|2015
24349|0.0|0.0|2.0|2015
24832|0.0|1.0|1.0|2015
27116|2.0|1.0|3.0|2015
27118|1.0|2.0|1.0|2015
27774|0.0|1.0|1.0|2015
27843|1.0|0.0|1.0|2015
28936|1.0|2.0|1.0|2015
28958|0.0|0.0|2.0|2015
30686|0.0|1.0|1.0|2015
31130|2.0|0.0|2.0|2015
32129|0.0|0.0|2.0|2015
32832|2.0|1.0|1.0|2015
37914|2.0|0.0|2.0|2015
41494|0.0|0.0|2.0|2015
42246|0.0|0.0|2.0|2015
14|5.0|0.0|1.0|2016
36|2.0|0.0|0.0|2016
43|2.0|1.0|1.0|2016
44|1.0|0.0|1.0|2016
58|2.0|0.0|0.0|2016
62|1.0|2.0|3.0|2016
84|2.0|0.0|2.0|2016
119|6.0|1.0|1.0|2016
144|0.0|2.0|0.0|2016
156|0.0|2.0|0.0|2016
157|3.0|1.0|0.0|2016
159|0.0|1.0|1.0|2016
163|2.0|1.0|1.0|2016
168|1.0|3.0|2.0|2016
170|2.0|1.0|1.0|2016
195|0.0|0.0|2.0|2016
197|1.0|1.0|0.0|2016
206|4.0|1.0|3.0|2016
232|0.0|1.0|1.0|2016
265|3.0|1.0|0.0|2016
272|4.0|0.0|2.0|2016
365|4.0|1.0|1.0|2016
370|3.0|1.0|2.0|2016
379|1.0|1.0|2.0|2016
429|0.0|1.0|1.0|2016
434|0.0|1.0|1.0|2016
447|4.0|1.0|1.0|2016
448|4.0|3.0|1.0|2016
503|3.0|1.0|2.0|2016
504|2.0|2.0|2.0|2016
535|0.0|0.0|2.0|2016
540|0.0|2.0|2.0|2016
618|2.0|2.0|0.0|2016
634|1.0|1.0|2.0|2016
660|2.0|0.0|0.0|2016
663|0.0|0.0|2.0|2016
669|0.0|2.0|0.0|2016
675|1.0|0.0|1.0|2016
683|2.0|0.0|0.0|2016
697|4.0|0.0|0.0|2016
713|0.0|1.0|1.0|2016
790|2.0|3.0|1.0|2016
801|5.0|1.0|2.0|2016
829|3.0|0.0|1.0|2016
865|4.0|2.0|2.0|2016
903|1.0|0.0|1.0|2016
1008|3.0|2.0|1.0|2016
1033|0.0|0.0|2.0|2016
1058|2.0|1.0|1.0|2016
1064|0.0|2.0|0.0|2016
1082|0.0|1.0|1.0|2016
1090|3.0|1.0|0.0|2016
1091|2.0|0.0|0.0|2016
1109|0.0|1.0|1.0|2016
1167|4.0|1.0|3.0|2016
1180|3.0|2.0|1.0|2016
1184|4.0|1.0|1.0|2016
1189|1.0|1.0|2.0|2016
1242|0.0|1.0|1.0|2016
1251|1.0|1.0|2.0|2016
1257|1.0|0.0|1.0|2016
1274|0.0|1.0|1.0|2016
1304|0.0|2.0|0.0|2016
2156|5.0|1.0|2.0|2016
2425|0.0|2.0|0.0|2016
2441|0.0|1.0|1.0|2016
2671|1.0|0.0|3.0|2016
2714|1.0|1.0|2.0|2016
2740|0.0|1.0|1.0|2016
2782|2.0|0.0|2.0|2016
2817|0.0|1.0|1.0|2016
2944|5.0|1.0|0.0|2016
2950|1.0|0.0|1.0|2016
3237|2.0|1.0|1.0|2016
3258|0.0|1.0|1.0|2016
3463|0.0|0.0|2.0|2016
3471|0.0|1.0|1.0|2016
3737|0.0|1.0|1.0|2016
3739|0.0|0.0|2.0|2016
3776|1.0|2.0|1.0|2016
3793|3.0|3.0|2.0|2016
4040|1.0|2.0|1.0|2016
4313|1.0|1.0|0.0|2016
4391|2.0|1.0|1.0|2016
4641|0.0|1.0|1.0|2016
4807|1.0|1.0|2.0|2016
4949|0.0|1.0|1.0|2016
5228|0.0|1.0|1.0|2016
5405|0.0|1.0|1.0|2016
5546|1.0|0.0|1.0|2016
5689|0.0|0.0|2.0|2016
5771|1.0|1.0|2.0|2016
5817|2.0|3.0|1.0|2016
5862|0.0|0.0|2.0|2016
5972|0.0|1.0|1.0|2016
6017|0.0|1.0|1.0|2016
6112|0.0|1.0|1.0|2016
6248|4.0|1.0|1.0|2016
6574|2.0|2.0|0.0|2016
6621|1.0|2.0|1.0|2016
6764|1.0|2.0|1.0|2016
6890|0.0|2.0|2.0|2016
7090|1.0|1.0|2.0|2016
7918|1.0|0.0|1.0|2016
7964|2.0|1.0|1.0|2016
8024|0.0|2.0|2.0|2016
8031|1.0|1.0|2.0|2016
8047|0.0|0.0|2.0|2016
8715|0.0|0.0|2.0|2016
10157|0.0|1.0|1.0|2016
10262|2.0|2.0|2.0|2016
10301|1.0|0.0|1.0|2016
10482|2.0|1.0|1.0|2016
10604|0.0|0.0|2.0|2016
10625|1.0|0.0|1.0|2016
10695|2.0|1.0|1.0|2016
11040|0.0|1.0|1.0|2016
11107|2.0|2.0|2.0|2016
11194|4.0|3.0|1.0|2016
11411|0.0|0.0|2.0|2016
11435|1.0|0.0|1.0|2016
11479|0.0|0.0|2.0|2016
11540|0.0|0.0|2.0|2016
11907|0.0|1.0|1.0|2016
11914|0.0|1.0|1.0|2016
11976|1.0|0.0|1.0|2016
13499|1.0|1.0|0.0|2016
16704|3.0|1.0|0.0|2016
16779|0.0|1.0|1.0|2016
18303|0.0|0.0|2.0|2016
18963|0.0|1.0|1.0|2016
21508|1.0|0.0|1.0|2016
22010|5.0|1.0|2.0|2016
22220|1.0|1.0|0.0|2016
22499|1.0|1.0|2.0|2016
22783|1.0|2.0|3.0|2016
24349|0.0|0.0|2.0|2016
24832|0.0|0.0|2.0|2016
27116|1.0|1.0|2.0|2016
27118|2.0|3.0|1.0|2016
27774|2.0|2.0|2.0|2016
27843|0.0|0.0|2.0|2016
28633|0.0|0.0|2.0|2016
28936|0.0|0.0|2.0|2016
28958|0.0|0.0|2.0|2016
29831|0.0|1.0|1.0|2016
30433|0.0|0.0|2.0|2016
32017|1.0|0.0|1.0|2016
32129|1.0|0.0|1.0|2016
32832|1.0|0.0|1.0|2016
33966|0.0|1.0|1.0|2016
42246|1.0|0.0|3.0|2016
45574|0.0|0.0|2.0|2016
5|4.0|0.0|0.0|2017
14|2.0|1.0|1.0|2017
29|3.0|1.0|0.0|2017
36|1.0|1.0|2.0|2017
40|1.0|0.0|1.0|2017
60|1.0|0.0|1.0|2017
77|2.0|0.0|0.0|2017
119|7.0|1.0|0.0|2017
122|1.0|1.0|2.0|2017
124|1.0|0.0|1.0|2017
141|0.0|1.0|1.0|2017
156|1.0|1.0|2.0|2017
157|0.0|1.0|1.0|2017
159|5.0|2.0|1.0|2017
163|2.0|0.0|2.0|2017
169|2.0|0.0|2.0|2017
195|2.0|0.0|0.0|2017
197|0.0|0.0|2.0|2017
200|2.0|3.0|1.0|2017
206|1.0|1.0|2.0|2017
238|3.0|2.0|1.0|2017
244|2.0|2.0|0.0|2017
253|0.0|0.0|2.0|2017
255|0.0|2.0|0.0|2017
265|2.0|0.0|2.0|2017
272|2.0|3.0|1.0|2017
279|2.0|0.0|2.0|2017
282|1.0|0.0|1.0|2017
312|0.0|1.0|1.0|2017
321|0.0|1.0|1.0|2017
327|6.0|0.0|2.0|2017
338|1.0|1.0|0.0|2017
369|4.0|0.0|2.0|2017
370|2.0|1.0|1.0|2017
383|0.0|0.0|2.0|2017
409|2.0|0.0|0.0|2017
419|1.0|3.0|0.0|2017
429|4.0|1.0|1.0|2017
434|1.0|0.0|1.0|2017
447|3.0|2.0|1.0|2017
448|1.0|0.0|1.0|2017
534|0.0|0.0|2.0|2017
540|2.0|0.0|2.0|2017
610|0.0|0.0|2.0|2017
621|3.0|1.0|0.0|2017
669|1.0|1.0|0.0|2017
713|1.0|1.0|0.0|2017
786|4.0|1.0|1.0|2017
865|5.0|1.0|2.0|2017
920|0.0|0.0|2.0|2017
941|1.0|1.0|0.0|2017
964|2.0|0.0|2.0|2017
1002|0.0|0.0|2.0|2017
1004|0.0|1.0|1.0|2017
1008|1.0|1.0|2.0|2017
1033|1.0|1.0|2.0|2017
1058|4.0|1.0|1.0|2017
1075|3.0|1.0|0.0|2017
1091|2.0|1.0|1.0|2017
1100|1.0|0.0|1.0|2017
1102|3.0|0.0|1.0|2017
1167|4.0|1.0|3.0|2017
1180|3.0|2.0|1.0|2017
1185|0.0|0.0|2.0|2017
1242|1.0|2.0|1.0|2017
1301|1.0|2.0|1.0|2017
1918|0.0|0.0|2.0|2017
2049|0.0|0.0|2.0|2017
2156|4.0|3.0|1.0|2017
2282|0.0|1.0|1.0|2017
2300|2.0|1.0|1.0|2017
2441|1.0|1.0|0.0|2017
2481|0.0|2.0|0.0|2017
2531|3.0|2.0|1.0|2017
2573|1.0|2.0|1.0|2017
2578|0.0|0.0|2.0|2017
2761|2.0|1.0|1.0|2017
2782|0.0|1.0|1.0|2017
2844|3.0|0.0|1.0|2017
2861|0.0|1.0|1.0|2017
3070|0.0|1.0|1.0|2017
3237|1.0|1.0|2.0|2017
3258|2.0|0.0|2.0|2017
3551|3.0|4.0|1.0|2017
3649|0.0|0.0|2.0|2017
3793|2.0|1.0|1.0|2017
3831|0.0|1.0|1.0|2017
4040|0.0|0.0|2.0|2017
4641|2.0|1.0|1.0|2017
4772|0.0|0.0|2.0|2017
4807|0.0|1.0|1.0|2017
5228|0.0|0.0|2.0|2017
5378|0.0|0.0|2.0|2017
5546|3.0|0.0|1.0|2017
5771|0.0|0.0|2.0|2017
5862|1.0|1.0|2.0|2017
6107|1.0|0.0|1.0|2017
6131|0.0|1.0|1.0|2017
6170|0.0|1.0|1.0|2017
6248|5.0|1.0|2.0|2017
6335|2.0|1.0|1.0|2017
6622|0.0|0.0|2.0|2017
7087|2.0|0.0|4.0|2017
7918|2.0|1.0|1.0|2017
8047|3.0|3.0|2.0|2017
8956|3.0|0.0|1.0|2017
9095|2.0|1.0|1.0|2017
9614|4.0|1.0|1.0|2017
10301|0.0|0.0|2.0|2017
10482|2.0|1.0|1.0|2017
10532|0.0|0.0|2.0|2017
10540|2.0|1.0|1.0|2017
10603|0.0|1.0|1.0|2017
10695|0.0|1.0|1.0|2017
10747|0.0|0.0|2.0|2017
10883|3.0|0.0|1.0|2017
11107|3.0|3.0|2.0|2017
11344|0.0|0.0|2.0|2017
11435|0.0|1.0|1.0|2017
11479|0.0|0.0|2.0|2017
11540|0.0|0.0|2.0|2017
11907|0.0|0.0|2.0|2017
11910|0.0|0.0|2.0|2017
11914|0.0|0.0|2.0|2017
11976|2.0|1.0|3.0|2017
12346|1.0|0.0|3.0|2017
12469|4.0|3.0|1.0|2017
13499|1.0|2.0|1.0|2017
15244|0.0|0.0|2.0|2017
16704|3.0|0.0|1.0|2017
16779|0.0|1.0|1.0|2017
18303|1.0|2.0|1.0|2017
19780|0.0|0.0|2.0|2017
21508|1.0|0.0|3.0|2017
21532|1.0|0.0|1.0|2017
21875|0.0|0.0|2.0|2017
22010|1.0|1.0|2.0|2017
22499|1.0|0.0|1.0|2017
22783|2.0|1.0|1.0|2017
23611|0.0|1.0|1.0|2017
23777|0.0|1.0|1.0|2017
23911|0.0|0.0|2.0|2017
27118|0.0|0.0|2.0|2017
27774|2.0|0.0|2.0|2017
27843|0.0|0.0|2.0|2017
28633|0.0|0.0|2.0|2017
29831|0.0|0.0|2.0|2017
30686|0.0|1.0|1.0|2017
31614|1.0|1.0|0.0|2017
32129|0.0|1.0|1.0|2017
32832|4.0|0.0|2.0|2017
38204|0.0|1.0|1.0|2017
38208|0.0|0.0|2.0|2017
40812|0.0|0.0|2.0|2017
43162|2.0|0.0|2.0|2017
46710|2.0|1.0|1.0|2017
26|3.0|0.0|1.0|2018
40|5.0|1.0|0.0|2018
77|0.0|0.0|2.0|2018
114|4.0|1.0|1.0|2018
119|4.0|3.0|1.0|2018
122|0.0|0.0|2.0|2018
124|4.0|4.0|0.0|2018
144|0.0|1.0|1.0|2018
156|1.0|0.0|1.0|2018
157|2.0|1.0|1.0|2018
163|1.0|1.0|2.0|2018
170|2.0|0.0|2.0|2018
190|5.0|3.0|0.0|2018
195|4.0|0.0|0.0|2018
197|1.0|0.0|1.0|2018
206|2.0|0.0|2.0|2018
208|3.0|0.0|3.0|2018
234|0.0|1.0|1.0|2018
238|2.0|1.0|3.0|2018
253|3.0|0.0|3.0|2018
255|0.0|1.0|1.0|2018
257|1.0|0.0|1.0|2018
272|1.0|1.0|2.0|2018
279|0.0|1.0|1.0|2018
282|2.0|1.0|1.0|2018
301|4.0|1.0|1.0|2018
327|1.0|2.0|1.0|2018
353|0.0|0.0|2.0|2018
365|1.0|1.0|0.0|2018
368|6.0|0.0|0.0|2018
370|0.0|1.0|1.0|2018
371|1.0|1.0|0.0|2018
413|3.0|0.0|1.0|2018
428|1.0|1.0|2.0|2018
429|5.0|0.0|3.0|2018
434|0.0|0.0|2.0|2018
447|2.0|1.0|1.0|2018
496|1.0|1.0|0.0|2018
499|1.0|1.0|2.0|2018
503|0.0|0.0|2.0|2018
540|4.0|0.0|2.0|2018
602|2.0|2.0|2.0|2018
663|0.0|1.0|1.0|2018
669|5.0|2.0|1.0|2018
675|2.0|0.0|2.0|2018
683|3.0|1.0|0.0|2018
687|5.0|1.0|2.0|2018
708|1.0|0.0|3.0|2018
709|2.0|0.0|2.0|2018
789|2.0|0.0|2.0|2018
790|3.0|2.0|1.0|2018
800|3.0|3.0|0.0|2018
810|1.0|1.0|2.0|2018
853|4.0|2.0|0.0|2018
865|2.0|1.0|1.0|2018
903|3.0|2.0|1.0|2018
920|1.0|0.0|1.0|2018
964|2.0|0.0|2.0|2018
1002|1.0|0.0|1.0|2018
1008|0.0|0.0|2.0|2018
1033|2.0|0.0|2.0|2018
1044|0.0|1.0|1.0|2018
1075|0.0|2.0|0.0|2018
1090|1.0|0.0|1.0|2018
1109|1.0|1.0|2.0|2018
1132|2.0|3.0|1.0|2018
1167|0.0|0.0|2.0|2018
1180|4.0|0.0|2.0|2018
1184|6.0|0.0|0.0|2018
1185|1.0|2.0|1.0|2018
1242|0.0|2.0|0.0|2018
1251|0.0|0.0|2.0|2018
1918|1.0|3.0|0.0|2018
2156|4.0|2.0|0.0|2018
2300|1.0|1.0|2.0|2018
2311|2.0|0.0|2.0|2018
2425|0.0|1.0|1.0|2018
2481|2.0|0.0|2.0|2018
2573|2.0|0.0|2.0|2018
2778|4.0|0.0|2.0|2018
2782|1.0|1.0|2.0|2018
2784|3.0|1.0|2.0|2018
2925|0.0|1.0|1.0|2018
2950|0.0|0.0|2.0|2018
2976|0.0|1.0|1.0|2018
3060|0.0|1.0|1.0|2018
3070|0.0|1.0|1.0|2018
3189|0.0|0.0|2.0|2018
3258|0.0|1.0|1.0|2018
3463|1.0|0.0|1.0|2018
3793|0.0|1.0|1.0|2018
3831|0.0|1.0|1.0|2018
3899|1.0|0.0|1.0|2018
4040|0.0|0.0|2.0|2018
4391|0.0|1.0|1.0|2018
4529|1.0|1.0|2.0|2018
4641|1.0|0.0|1.0|2018
4644|0.0|1.0|1.0|2018
4772|3.0|2.0|1.0|2018
5771|0.0|0.0|2.0|2018
5972|0.0|0.0|2.0|2018
6066|2.0|1.0|1.0|2018
6131|2.0|1.0|1.0|2018
6170|1.0|2.0|1.0|2018
6248|0.0|4.0|0.0|2018
6251|0.0|1.0|1.0|2018
6335|0.0|1.0|1.0|2018
6676|0.0|1.0|1.0|2018
6808|1.0|2.0|1.0|2018
6890|0.0|1.0|1.0|2018
6993|1.0|1.0|2.0|2018
7130|0.0|0.0|2.0|2018
7567|2.0|1.0|1.0|2018
7769|2.0|0.0|2.0|2018
7918|4.0|3.0|1.0|2018
8031|1.0|0.0|1.0|2018
8036|0.0|0.0|2.0|2018
8047|1.0|2.0|1.0|2018
8956|1.0|0.0|1.0|2018
10217|5.0|1.0|2.0|2018
10262|0.0|1.0|1.0|2018
10301|3.0|1.0|2.0|2018
10481|3.0|0.0|1.0|2018
10482|3.0|0.0|3.0|2018
10532|1.0|3.0|2.0|2018
10540|0.0|1.0|1.0|2018
10617|1.0|0.0|3.0|2018
10625|1.0|0.0|1.0|2018
10690|0.0|3.0|1.0|2018
10695|2.0|1.0|1.0|2018
10734|1.0|1.0|2.0|2018
10854|1.0|0.0|1.0|2018
10883|0.0|1.0|1.0|2018
11411|0.0|0.0|2.0|2018
11435|1.0|2.0|1.0|2018
11479|0.0|1.0|1.0|2018
11540|0.0|0.0|2.0|2018
11910|0.0|0.0|2.0|2018
11976|0.0|2.0|2.0|2018
12346|2.0|1.0|3.0|2018
13467|0.0|1.0|1.0|2018
15276|2.0|1.0|3.0|2018
21508|0.0|1.0|1.0|2018
21532|0.0|1.0|1.0|2018
21875|1.0|0.0|3.0|2018
21934|0.0|1.0|1.0|2018
22010|1.0|0.0|1.0|2018
22140|1.0|0.0|3.0|2018
22220|1.0|0.0|1.0|2018
22499|0.0|0.0|2.0|2018
22502|0.0|1.0|1.0|2018
22783|1.0|0.0|1.0|2018
23826|3.0|3.0|0.0|2018
23911|1.0|0.0|1.0|2018
24349|0.0|0.0|2.0|2018
24832|0.0|0.0|2.0|2018
26326|1.0|1.0|2.0|2018
27116|1.0|0.0|1.0|2018
27774|0.0|0.0|2.0|2018
27843|1.0|0.0|1.0|2018
28095|1.0|4.0|1.0|2018
28936|2.0|1.0|1.0|2018
29831|1.0|2.0|1.0|2018
30686|0.0|0.0|2.0|2018
31614|3.0|1.0|0.0|2018
32129|2.0|0.0|2.0|2018
32768|2.0|0.0|2.0|2018
32832|2.0|3.0|1.0|2018
33741|0.0|1.0|1.0|2018
37914|1.0|1.0|2.0|2018
38204|0.0|1.0|1.0|2018
38208|0.0|2.0|0.0|2018
40812|0.0|1.0|1.0|2018
42246|0.0|1.0|1.0|2018
43162|1.0|0.0|1.0|2018
43957|1.0|0.0|1.0|2018
46643|0.0|1.0|1.0|2018
48325|1.0|0.0|1.0|2018
